"Guid","Message","MethodName","Outcome","RunTime","StackTrace"
27fb873e-9979-4a6a-a6b3-f21033085c64,"#N/A",findValue,Pass,115,"#N/A"
2fc4d029-f1ba-4ed3-a8cd-c630d5b0f65a,"#N/A",findValue,Pass,110,"#N/A"
7a21b349-5a4f-425d-a7a8-84fd33b66adc,"#N/A",findValue,Pass,22,"#N/A"
8f6370e8-a3fc-4ba4-b48d-4986f48155c8,"#N/A",findValue,Pass,100,"#N/A"
984bdebd-581e-40d8-b968-06543d1d346d,"#N/A",findValue,Pass,9,"#N/A"
9e6417a9-650c-4428-8af8-28bec6dcdfa2,"#N/A",findValue,Pass,110,"#N/A"
ad1cb6b8-f7f7-4aed-8e1b-c6c7847e1192,"#N/A",findValue,Pass,6,"#N/A"
b8ee6cbd-1af2-4dec-85ac-dbb1aad73952,"#N/A",findValue,Pass,95,"#N/A"
cd639667-55cf-425e-8d22-a0fffc78001f,"#N/A",findValue,Pass,111,"#N/A"
